{"epoch": 99, "_timestamp": 1651503725, "_runtime": 208, "loss": 22.581832885742188, "mae": 15.97883415222168, "r2_keras": 0.863573431968689, "root_mean_squared_error": 22.571353912353516, "val_loss": 33.60991668701172, "val_mae": 22.87865447998047, "val_r2_keras": 0.5063439607620239, "val_root_mean_squared_error": 31.17416763305664, "_step": 99, "best_val_loss": 27.54861831665039, "best_epoch": 43, "_wandb": {"runtime": 202}}