{"epoch": 99, "_timestamp": 1651506986, "_runtime": 223, "loss": 36.58061599731445, "mae": 24.868791580200195, "r2_keras": 0.8455363512039185, "root_mean_squared_error": 36.576133728027344, "val_loss": 38.83777618408203, "val_mae": 28.56655502319336, "val_r2_keras": 0.38870930671691895, "val_root_mean_squared_error": 37.44093704223633, "_step": 99, "best_val_loss": 33.138912200927734, "best_epoch": 53, "_wandb": {"runtime": 221}}