{"epoch": 99, "_timestamp": 1651504643, "_runtime": 40, "loss": 29.902292251586914, "mae": 23.10645866394043, "r2_keras": 0.7813934087753296, "root_mean_squared_error": 29.69415283203125, "val_loss": 30.332876205444336, "val_mae": 29.516860961914062, "val_r2_keras": -3.600417137145996, "val_root_mean_squared_error": 30.332876205444336, "_step": 99, "best_val_loss": 14.976707458496094, "best_epoch": 18, "_wandb": {"runtime": 32}}