{"epoch": 99, "_timestamp": 1651507336, "_runtime": 38, "loss": 34.95423126220703, "mae": 27.162288665771484, "r2_keras": 0.7082265019416809, "root_mean_squared_error": 34.010231018066406, "val_loss": 27.10483169555664, "val_mae": 23.51261329650879, "val_r2_keras": -2.0243782997131348, "val_root_mean_squared_error": 27.10483169555664, "_step": 99, "best_val_loss": 12.859845161437988, "best_epoch": 14, "_wandb": {"runtime": 34}}