{"graph": {"_type": "graph-file", "sha256": "447eabd7de72995a5f914bd321c0995b4b7749f68cd55082b68d9f11b39f2c86", "size": 555, "path": "media/graph/graph_summary_447eabd7de72995a5f91.graph.json"}, "epoch": 99, "_timestamp": 1651497841, "_runtime": 2115, "loss": 27.796310424804688, "mae": 21.142641067504883, "r2_keras": 0.7413387298583984, "root_mean_squared_error": 27.795366287231445, "val_loss": 28.362449645996094, "val_mae": 22.938386917114258, "val_r2_keras": 0.22056587040424347, "val_root_mean_squared_error": 26.17951011657715, "_step": 99, "best_val_loss": 22.950908660888672, "best_epoch": 54, "_wandb": {"runtime": 523}}