{"epoch": 99, "_timestamp": 1651510227, "_runtime": 31, "loss": 30.650083541870117, "mae": 24.265949249267578, "r2_keras": 0.7678920030593872, "root_mean_squared_error": 30.48990249633789, "val_loss": 31.1256160736084, "val_mae": 29.530132293701172, "val_r2_keras": -3.8440194129943848, "val_root_mean_squared_error": 31.125614166259766, "_step": 99, "best_val_loss": 15.834477424621582, "best_epoch": 17, "_wandb": {"runtime": 29}}