{"epoch": 99, "_timestamp": 1651507941, "_runtime": 39, "loss": 34.72737503051758, "mae": 26.164812088012695, "r2_keras": 0.7131860852241516, "root_mean_squared_error": 33.240230560302734, "val_loss": 28.048765182495117, "val_mae": 23.89869499206543, "val_r2_keras": -2.238696336746216, "val_root_mean_squared_error": 28.048765182495117, "_step": 99, "best_val_loss": 17.141111373901367, "best_epoch": 26, "_wandb": {"runtime": 37}}