{"epoch": 99, "_timestamp": 1651507982, "_runtime": 34, "loss": 34.79698181152344, "mae": 26.563398361206055, "r2_keras": 0.587920606136322, "root_mean_squared_error": 36.065067291259766, "val_loss": 29.87889289855957, "val_mae": 27.226802825927734, "val_r2_keras": -2.675121545791626, "val_root_mean_squared_error": 29.87889289855957, "_step": 99, "best_val_loss": 14.195059776306152, "best_epoch": 26, "_wandb": {"runtime": 31}}