{"epoch": 99, "_timestamp": 1651508361, "_runtime": 244, "loss": 34.98272705078125, "mae": 23.856945037841797, "r2_keras": 0.857114851474762, "root_mean_squared_error": 35.1000862121582, "val_loss": 38.86832809448242, "val_mae": 29.88972282409668, "val_r2_keras": 0.2941471040248871, "val_root_mean_squared_error": 37.48574447631836, "_step": 99, "best_val_loss": 34.397483825683594, "best_epoch": 55, "_wandb": {"runtime": 243}}