{"epoch": 99, "_timestamp": 1651505855, "_runtime": 199, "loss": 23.060827255249023, "mae": 16.277029037475586, "r2_keras": 0.858312726020813, "root_mean_squared_error": 23.067333221435547, "val_loss": 33.72907257080078, "val_mae": 23.531898498535156, "val_r2_keras": 0.49648317694664, "val_root_mean_squared_error": 30.9299373626709, "_step": 99, "best_val_loss": 26.968502044677734, "best_epoch": 25, "_wandb": {"runtime": 195}}