{"epoch": 99, "_timestamp": 1651509586, "_runtime": 186, "loss": 23.074024200439453, "mae": 16.279197692871094, "r2_keras": 0.8578953742980957, "root_mean_squared_error": 23.084463119506836, "val_loss": 32.011207580566406, "val_mae": 21.718997955322266, "val_r2_keras": 0.570260763168335, "val_root_mean_squared_error": 29.590084075927734, "_step": 99, "best_val_loss": 27.176992416381836, "best_epoch": 26, "_wandb": {"runtime": 184}}