{"epoch": 99, "_timestamp": 1651506397, "_runtime": 218, "loss": 34.610595703125, "mae": 23.654361724853516, "r2_keras": 0.8609076142311096, "root_mean_squared_error": 34.63683319091797, "val_loss": 38.88285827636719, "val_mae": 29.989667892456055, "val_r2_keras": 0.2513863742351532, "val_root_mean_squared_error": 38.012874603271484, "_step": 99, "best_val_loss": 33.21702194213867, "best_epoch": 31, "_wandb": {"runtime": 215}}