{"epoch": 99, "_timestamp": 1651507232, "_runtime": 37, "loss": 33.04249954223633, "mae": 25.21224594116211, "r2_keras": 0.6940104961395264, "root_mean_squared_error": 33.52643966674805, "val_loss": 30.45384407043457, "val_mae": 28.748640060424805, "val_r2_keras": -2.8179209232330322, "val_root_mean_squared_error": 30.45384407043457, "_step": 99, "best_val_loss": 14.093621253967285, "best_epoch": 18, "_wandb": {"runtime": 34}}