{"epoch": 99, "_timestamp": 1651504804, "_runtime": 49, "loss": 31.492162704467773, "mae": 24.435693740844727, "r2_keras": 0.7552114725112915, "root_mean_squared_error": 31.358983993530273, "val_loss": 18.452138900756836, "val_mae": 15.605521202087402, "val_r2_keras": -0.7024071216583252, "val_root_mean_squared_error": 18.452138900756836, "_step": 99, "best_val_loss": 15.002555847167969, "best_epoch": 31, "_wandb": {"runtime": 41}}