{"epoch": 99, "_timestamp": 1651510190, "_runtime": 32, "loss": 26.371837615966797, "mae": 20.829042434692383, "r2_keras": 0.8235867619514465, "root_mean_squared_error": 26.43423080444336, "val_loss": 23.705162048339844, "val_mae": 21.987213134765625, "val_r2_keras": -1.8096740245819092, "val_root_mean_squared_error": 23.705163955688477, "_step": 99, "best_val_loss": 14.81024169921875, "best_epoch": 16, "_wandb": {"runtime": 29}}