{"epoch": 99, "_timestamp": 1651508619, "_runtime": 252, "loss": 34.17572784423828, "mae": 23.50960922241211, "r2_keras": 0.864063560962677, "root_mean_squared_error": 34.239261627197266, "val_loss": 40.102596282958984, "val_mae": 29.13602066040039, "val_r2_keras": 0.3316325843334198, "val_root_mean_squared_error": 38.80514144897461, "_step": 99, "best_val_loss": 33.11730194091797, "best_epoch": 38, "_wandb": {"runtime": 250}}