{"epoch": 99, "_timestamp": 1651506652, "_runtime": 203, "loss": 34.85064697265625, "mae": 23.861881256103516, "r2_keras": 0.8589376211166382, "root_mean_squared_error": 34.84303283691406, "val_loss": 37.601314544677734, "val_mae": 28.602375030517578, "val_r2_keras": 0.35998621582984924, "val_root_mean_squared_error": 36.144744873046875, "_step": 99, "best_val_loss": 34.70777130126953, "best_epoch": 37, "_wandb": {"runtime": 201}}