{"epoch": 99, "_timestamp": 1651509203, "_runtime": 190, "loss": 22.643442153930664, "mae": 15.947330474853516, "r2_keras": 0.8634393811225891, "root_mean_squared_error": 22.637271881103516, "val_loss": 35.868255615234375, "val_mae": 23.131200790405273, "val_r2_keras": 0.4221814274787903, "val_root_mean_squared_error": 33.423606872558594, "_step": 99, "best_val_loss": 27.421560287475586, "best_epoch": 33, "_wandb": {"runtime": 186}}