{"epoch": 99, "_timestamp": 1651509394, "_runtime": 185, "loss": 23.233652114868164, "mae": 16.31318473815918, "r2_keras": 0.8563883900642395, "root_mean_squared_error": 23.226011276245117, "val_loss": 30.296361923217773, "val_mae": 21.55552864074707, "val_r2_keras": 0.5943859815597534, "val_root_mean_squared_error": 27.880544662475586, "_step": 99, "best_val_loss": 26.52002716064453, "best_epoch": 37, "_wandb": {"runtime": 184}}