{"epoch": 99, "_timestamp": 1651508886, "_runtime": 262, "loss": 35.661258697509766, "mae": 24.28809928894043, "r2_keras": 0.8527081608772278, "root_mean_squared_error": 35.611351013183594, "val_loss": 40.48591613769531, "val_mae": 31.576744079589844, "val_r2_keras": 0.24063962697982788, "val_root_mean_squared_error": 38.83555221557617, "_step": 99, "best_val_loss": 35.565338134765625, "best_epoch": 36, "_wandb": {"runtime": 259}}