{"epoch": 99, "_timestamp": 1651504348, "_runtime": 40, "loss": 25.45038414001465, "mae": 20.064435958862305, "r2_keras": 0.84124755859375, "root_mean_squared_error": 25.183351516723633, "val_loss": 28.833778381347656, "val_mae": 27.596296310424805, "val_r2_keras": -3.1569337844848633, "val_root_mean_squared_error": 28.833778381347656, "_step": 99, "best_val_loss": 18.240198135375977, "best_epoch": 11, "_wandb": {"runtime": 33}}