{"epoch": 99, "_timestamp": 1651510151, "_runtime": 34, "loss": 25.30748176574707, "mae": 19.88187026977539, "r2_keras": 0.8390718698501587, "root_mean_squared_error": 25.46219253540039, "val_loss": 20.97191047668457, "val_mae": 18.119840621948242, "val_r2_keras": -1.1991057395935059, "val_root_mean_squared_error": 20.971912384033203, "_step": 99, "best_val_loss": 14.812601089477539, "best_epoch": 9, "_wandb": {"runtime": 31}}