{"epoch": 99, "_timestamp": 1651501431, "_runtime": 147, "loss": 28.84943199157715, "mae": 21.966161727905273, "r2_keras": 0.7219371795654297, "root_mean_squared_error": 28.84975242614746, "val_loss": 26.981266021728516, "val_mae": 22.449501037597656, "val_r2_keras": 0.26921775937080383, "val_root_mean_squared_error": 25.34796905517578, "_step": 99, "best_val_loss": 21.699481964111328, "best_epoch": 63, "_wandb": {"runtime": 145}}