{"epoch": 99, "_timestamp": 1651505296, "_runtime": 210, "loss": 22.87752342224121, "mae": 16.088865280151367, "r2_keras": 0.8601823449134827, "root_mean_squared_error": 22.872507095336914, "val_loss": 34.137691497802734, "val_mae": 22.909456253051758, "val_r2_keras": 0.48797473311424255, "val_root_mean_squared_error": 31.51156997680664, "_step": 99, "best_val_loss": 26.595186233520508, "best_epoch": 38, "_wandb": {"runtime": 201}}