{"epoch": 99, "_timestamp": 1651507060, "_runtime": 39, "loss": 37.0812873840332, "mae": 28.382204055786133, "r2_keras": 0.6684442162513733, "root_mean_squared_error": 35.77985763549805, "val_loss": 34.138633728027344, "val_mae": 32.627464294433594, "val_r2_keras": -3.7977213859558105, "val_root_mean_squared_error": 34.138633728027344, "_step": 99, "best_val_loss": 14.864859580993652, "best_epoch": 29, "_wandb": {"runtime": 37}}