{"epoch": 99, "_timestamp": 1651508025, "_runtime": 37, "loss": 35.93482971191406, "mae": 27.564062118530273, "r2_keras": 0.6610843539237976, "root_mean_squared_error": 35.629032135009766, "val_loss": 30.319005966186523, "val_mae": 27.24810028076172, "val_r2_keras": -2.784187078475952, "val_root_mean_squared_error": 30.319005966186523, "_step": 99, "best_val_loss": 17.67955780029297, "best_epoch": 29, "_wandb": {"runtime": 35}}